"","748","581","499","382","422","668","232","351","392","589","667","708","391","430","352","541","823","501","828","582","502","788","152","381","588","230","271","627","311","312","390","461","709","462","669","272","707","470","500","389","510","469","353","270","827","822","782","906"
"748",0,0.633939447974736,0.775721442925276,0.661288284920832,0.625421382622936,0.430934071802401,0.664771715517433,0.591349041459454,0.728353718316292,0.481108065635071,0.635467878872469,0.610635606243197,0.634822019956416,0.6295898120273,0.702825201865005,0.540042632014956,0.716704104885629,0.495421116889082,0.599902671710583,0.82008170182313,0.687649898613129,0.674815828158678,0.705724977920097,0.752547413814127,0.801016176661539,0.710009971327278,0.596158294286053,0.777877624249685,0.51086189539122,0.742404126899232,0.623533129752851,0.769361227690025,0.881017333838126,0.801016176650036,0.723781750742171,0.914214358188916,0.853238257936662,0.792879904833793,0.891373434639248,0.873269458196783,0.602305518093871,0.75292967461038,0.891694604160007,0.752901653130321,0.873269458187854,0.81466291128306,0.828182111410232,0.873269458191275
"581",0.633939447974736,0,0.632841501905647,0.618390380453067,0.56948930825547,0.770348564610691,0.688058871074021,0.683016687744056,0.75148255153276,0.671201747142092,0.646038700588833,0.769271266897034,0.566665437746195,0.765023369939397,0.766616731795847,0.509706400443848,0.568739259264977,0.637688014806601,0.787660143149178,0.584522539234401,0.435536304425673,0.627601587634501,0.75927625919194,0.622665690189581,0.63283068003757,0.900295243928724,0.775576100532921,0.601487086954989,0.646425917046097,0.667756089228329,0.450827113949234,0.462152293843001,0.864616100468705,0.584522539245489,0.766212114272068,0.944714976048374,0.693562044884715,0.666722599778594,0.735387114260779,0.858250763523351,0.731895005170808,0.487800888456128,0.871939345240861,0.893711307447483,0.847334721430755,0.613016868872213,0.733526787774867,0.77854647144261
"499",0.775721442925276,0.632841501905647,0,0.527825226663894,0.627645269398118,0.850869733708126,0.776345416167865,0.815688405329046,0.751686667678355,0.748094402107987,0.555604480608879,0.730808110016771,0.718157296060394,0.758585656814773,0.868351352648731,0.550972781590924,0.726684086618493,0.778413335204553,0.792132296524632,0.68084426796248,0.364295045717278,0.788077658756215,0.851520692974405,0.463135014579459,0.652946380921596,0.838146494129876,0.742996196585583,0.455816953122366,0.734885941575785,0.695492171297553,0.777818121756555,0.708482993805461,0.873963055487258,0.68048511052322,0.865644022214579,0.921210067195009,0.628433325123877,0.782580659973047,0.567336689559213,0.781698131927714,0.676738080581557,0.70848299380447,0.832952490040976,0.870398000679921,0.850813149966687,0.471763549781031,0.692324697549032,0.850813149965289
"382",0.661288284920832,0.618390380453067,0.527825226663894,0,0.216157093383887,0.737232290609907,0.776291573620943,0.771156071002498,0.723042827200666,0.731224086966814,0.393302995941558,0.67154794368204,0.710628851709051,0.756386927397857,0.839041273499566,0.540925501383532,0.678336061051741,0.614138181130062,0.735600076536874,0.699474655110583,0.478097945027137,0.773861033705036,0.829342807569652,0.464226601150587,0.650551916407603,0.879911501916538,0.809443047136588,0.660433647782126,0.73457555015176,0.676158576889499,0.720282351468706,0.707397831774815,0.899465335199293,0.689498619184963,0.890264525694236,0.951721556220949,0.742262417877653,0.772170626654532,0.811523962898961,0.8789084427288,0.777020546011243,0.707397831774152,0.897542872776811,0.912966202937595,0.8887012379137,0.674517810623401,0.817774257434727,0.77744047619209
"422",0.625421382622936,0.56948930825547,0.627645269398118,0.216157093383887,0,0.735632666340205,0.765045703065159,0.76052398614894,0.757210044781314,0.721656101119475,0.497356592475426,0.679814535072865,0.703943128480814,0.744797356244734,0.815324376049439,0.595555658815788,0.722458917778305,0.541920977971175,0.736455072850974,0.74071091928143,0.461329241751513,0.799872053438659,0.747731626472333,0.544262019033826,0.726087598445506,0.871812604157565,0.802162973797097,0.731358539555499,0.728147874607724,0.683753847674167,0.711836668061512,0.658718866490391,0.91802632675947,0.738601574163184,0.871177867209387,0.96042465693727,0.797974224485011,0.755686851436537,0.851368713487555,0.903349304359238,0.773111226474075,0.699711935665333,0.90853315320304,0.920207218096455,0.911008645140145,0.744873094627271,0.851576467366529,0.82554829596331
"668",0.430934071802401,0.770348564610691,0.850869733708126,0.737232290609907,0.735632666340205,0,0.676863061282217,0.59890689393865,0.65371445374275,0.420294122301924,0.652722438596798,0.58297706315661,0.696552471101464,0.649062397757268,0.673421337245836,0.716745283764984,0.756292012949485,0.575434633382162,0.66882155104176,0.843075106107667,0.780909885022396,0.816710608330197,0.663480400031866,0.790763212762436,0.867683613503605,0.677928039846901,0.627164841255344,0.847040505116107,0.625208744980338,0.717808007687726,0.717493623428363,0.805565582332926,0.886752087089834,0.834976827519633,0.700168161220858,0.903420016345713,0.864900515008977,0.817145516104865,0.899877486049386,0.883339958428274,0.633907863630413,0.781854912412858,0.899576391943912,0.791427241882409,0.883339958420055,0.879705968973774,0.841086283230716,0.883339958423204
"232",0.664771715517433,0.688058871074021,0.776345416167865,0.776291573620943,0.765045703065159,0.676863061282217,0,0.603617544586066,0.560344901537926,0.5348906614264,0.716036557671561,0.827783803404826,0.506516743670342,0.634693665784749,0.371999248973403,0.67642023060009,0.852958264600829,0.738551404753315,0.831502514798979,0.840191870164606,0.685508151277451,0.721429268407332,0.515579339639705,0.802795811824421,0.738426471445524,0.517723093595373,0.673647305450249,0.82971888897227,0.441009700169145,0.673118647010981,0.707074251553888,0.795824619767527,0.894067845738338,0.840191870163438,0.813356641425246,0.843316140503774,0.905684501141442,0.717308266085453,0.902994284503192,0.902994284501991,0.769944757738108,0.75952641831217,0.839788810385281,0.838027177556964,0.883773361739552,0.819541016323168,0.882009536747409,0.846601104963614
"351",0.591349041459454,0.683016687744056,0.815688405329046,0.771156071002498,0.76052398614894,0.59890689393865,0.603617544586066,0,0.556308669736155,0.553549620393612,0.747289430848629,0.753265616185505,0.425802962601781,0.470915065968181,0.521830409138537,0.717618635671065,0.767416374253768,0.709210841835199,0.799774312742263,0.78119564328461,0.708368328862786,0.800988162461113,0.496193624558716,0.726561557718297,0.849726910249407,0.624925360164509,0.585315317998227,0.83713417474022,0.497241878435388,0.593151688255479,0.61438138186435,0.733108704615379,0.914182307585862,0.770309233248173,0.704356749724308,0.964305210185039,0.821272745217976,0.653399558630013,0.875711863479534,0.913837246618938,0.546669321489865,0.686305033671356,0.917547320558821,0.785661057703763,0.907548516030423,0.843038013214988,0.860600241779468,0.868975560748841
"392",0.728353718316292,0.75148255153276,0.751686667678355,0.723042827200666,0.757210044781314,0.65371445374275,0.560344901537926,0.556308669736155,0,0.632557269333363,0.692263541732375,0.74104828283478,0.561669959248857,0.683768632751011,0.514460871152008,0.693340757954784,0.739707854833738,0.736784480404652,0.822040581362186,0.726552234898196,0.685930197224429,0.857648635569019,0.703152181670268,0.658538797929493,0.806792630607719,0.662851146360856,0.60297568379562,0.777228122534283,0.514091290563597,0.500503367279967,0.730368291727007,0.714329277559554,0.90484493884207,0.71024238293299,0.886931495290228,0.799177817180849,0.746391033527513,0.77757714734294,0.825541093625758,0.880689547277323,0.732818376061989,0.714329277558918,0.735963297218245,0.749098305310004,0.894846304778439,0.78238869686947,0.833901035185542,0.83007264332238
"589",0.481108065635071,0.671201747142092,0.748094402107987,0.731224086966814,0.721656101119475,0.420294122301924,0.5348906614264,0.553549620393612,0.632557269333363,0,0.641663573051969,0.68395675959974,0.564085321341037,0.504439913826456,0.620607901497477,0.660511950203795,0.758045328173749,0.677634260085397,0.823030131375687,0.804362695067018,0.674223933925907,0.717796381880853,0.561627860795416,0.771204148561637,0.783775464469167,0.598388875926989,0.566043079350427,0.800391131653166,0.511118005026145,0.736689578137469,0.739769715807153,0.760936449555002,0.825251657136957,0.794822981753222,0.646064508473004,0.887185805270571,0.865222711496321,0.765526261751987,0.862289043998104,0.922625115796163,0.567847761739599,0.72009102432417,0.883229267521801,0.757432543100857,0.908297501705655,0.824198025964294,0.840720865224865,0.862289044001569
"667",0.635467878872469,0.646038700588833,0.555604480608879,0.393302995941558,0.497356592475426,0.652722438596798,0.716036557671561,0.747289430848629,0.692263541732375,0.641663573051969,0,0.584831618297053,0.676204770939728,0.725373058117118,0.816169835988329,0.560155936909911,0.683640778399516,0.694530804875237,0.738839329561432,0.71227145420595,0.505067950617421,0.777094462054589,0.772515322657327,0.542378291889589,0.657673085414892,0.824291164367604,0.811851542616971,0.608937393716521,0.737518944120183,0.681331060288933,0.724630370442989,0.71271656513163,0.901153664426545,0.695647116253179,0.891852673290396,0.95250937618746,0.747514679853037,0.775985537281792,0.815259834926378,0.881175114932948,0.78031128151915,0.712716565130991,0.899212278565696,0.914173794189975,0.890766741501927,0.681150594685587,0.820851942813201,0.781975868021758
"708",0.610635606243197,0.769271266897034,0.730808110016771,0.67154794368204,0.679814535072865,0.58297706315661,0.827783803404826,0.753265616185505,0.74104828283478,0.68395675959974,0.584831618297053,0,0.685382107985989,0.742742466644298,0.820222864409953,0.62308787743144,0.635049832463486,0.700107239832264,0.594017392818404,0.759034860408701,0.679594311990617,0.674231316034261,0.829795496065207,0.61475347588963,0.814674376720893,0.87532311310107,0.812065898963832,0.784092094010585,0.788609108851224,0.704184841290546,0.753864938914715,0.76489594175884,0.722687285498056,0.745646092589819,0.841236910019593,0.959129956857937,0.789997257592286,0.815305966742342,0.84563402429876,0.899795163268586,0.759829248861708,0.7648959417584,0.91982774855012,0.930233056975591,0.818660088431764,0.832690751334578,0.760272454043692,0.818660088436658
"391",0.634822019956416,0.566665437746195,0.718157296060394,0.710628851709051,0.703943128480814,0.696552471101464,0.506516743670342,0.425802962601781,0.561669959248857,0.564085321341037,0.676204770939728,0.685382107985989,0,0.456344616895506,0.496446742448584,0.637514560400494,0.679286738187037,0.754957643934369,0.746134902497368,0.62642940331412,0.551620672966618,0.707402836120256,0.559229440308641,0.606668125820484,0.763935161284726,0.713529386679113,0.66363837564768,0.76856486602637,0.590139286420815,0.551235636704888,0.415640842775714,0.54974908412138,0.86357148993888,0.60534938817266,0.764574398756876,0.944309790396318,0.743679666881587,0.568326222464128,0.788879661599839,0.857028004103937,0.549236247926762,0.457008662776882,0.870993350934696,0.893060449625609,0.84600509737465,0.795856471350138,0.778613805872943,0.776501577835849
"430",0.6295898120273,0.765023369939397,0.758585656814773,0.756386927397857,0.744797356244734,0.649062397757268,0.634693665784749,0.470915065968181,0.683768632751011,0.504439913826456,0.725373058117118,0.742742466644298,0.456344616895506,0,0.615696258488442,0.766493612055966,0.825583365897669,0.823844539300201,0.869368851711003,0.776187995904321,0.622216713813927,0.820448580406294,0.354547302997476,0.658817619709388,0.783705588587799,0.537329653592119,0.595999407408511,0.891966658022354,0.625358238023989,0.664679177404166,0.722015066159062,0.724939691445373,0.896876225715797,0.776835163267431,0.544184328934121,0.948456112985386,0.886991928235083,0.605390479369901,0.883107723195459,0.883107723193714,0.418167404604805,0.658568582272112,0.880668697921916,0.723452383445888,0.885028553279269,0.884839411749275,0.882800588150665,0.797068828466079
"352",0.702825201865005,0.766616731795847,0.868351352648731,0.839041273499566,0.815324376049439,0.673421337245836,0.371999248973403,0.521830409138537,0.514460871152008,0.620607901497477,0.816169835988329,0.820222864409953,0.496446742448584,0.615696258488442,0,0.735977641817085,0.851754547659337,0.733152577523093,0.788769493097744,0.839867692875074,0.769321481710944,0.786175049281581,0.603277665070369,0.806978644056555,0.838436931810817,0.646734203044502,0.701231632177456,0.914213807960397,0.555953297252102,0.58660134950188,0.707168236898348,0.801150976170563,0.908088502294391,0.840306698771647,0.836479241393875,0.788476282290238,0.918688336880546,0.719177515557695,0.916696644770774,0.916696644769888,0.775167236439172,0.756678683528954,0.787415536580588,0.857376260371718,0.900437148736304,0.910058472163996,0.896970139689628,0.858512891764318
"541",0.540042632014956,0.509706400443848,0.550972781590924,0.540925501383532,0.595555658815788,0.716745283764984,0.67642023060009,0.717618635671065,0.693340757954784,0.660511950203795,0.560155936909911,0.62308787743144,0.637514560400494,0.766493612055966,0.735977641817085,0,0.545824860105667,0.506518412000639,0.674961303755755,0.726503692871031,0.520587051170361,0.59527183028761,0.833211814675584,0.548423034188448,0.694958297814808,0.846657708040001,0.77670884767447,0.703343535738984,0.64043511578278,0.695568696042405,0.641294570220356,0.71077087152786,0.884001012927631,0.694958297797173,0.877490810286086,0.888389324224738,0.775014617452012,0.78316483228053,0.805722397205111,0.893169522449885,0.798176511608377,0.725998407901247,0.836754397491036,0.872113444901515,0.805722397204755,0.715878707767619,0.715352119736866,0.805722397209999
"823",0.716704104885629,0.568739259264977,0.726684086618493,0.678336061051741,0.722458917778305,0.756292012949485,0.852958264600829,0.767416374253768,0.739707854833738,0.758045328173749,0.683640778399516,0.635049832463486,0.679286738187037,0.825583365897669,0.851754547659337,0.545824860105667,0,0.768017128085132,0.752303298151473,0.519369015455192,0.670319395318608,0.683124864472215,0.844767287965239,0.567864386793235,0.668008998601401,0.916463865445548,0.835359587492859,0.682245684677331,0.800982539642681,0.6659142397156,0.57888950604188,0.529405040089197,0.812911380668184,0.453683396207497,0.827323700328889,0.932253184848362,0.59706083067014,0.74474332859029,0.652057146988773,0.819145440191251,0.80048466183005,0.558170417678398,0.867744047713734,0.89385853426673,0.652057146988136,0.700283403746995,0.325368861514042,0.652057146997528
"501",0.495421116889082,0.637688014806601,0.778413335204553,0.614138181130062,0.541920977971175,0.575434633382162,0.738551404753315,0.709210841835199,0.736784480404652,0.677634260085397,0.694530804875237,0.700107239832264,0.754957643934369,0.823844539300201,0.733152577523093,0.506518412000639,0.768017128085132,0,0.648648847085725,0.849467536386903,0.6941464132603,0.746187474070674,0.847108768467667,0.753625129572963,0.849467536399623,0.859965763775544,0.7626819855933,0.850087515295022,0.700683019167716,0.77852201657202,0.714191953672918,0.805131329850542,0.917238730066708,0.849467536390921,0.892293599978318,0.900490027388554,0.888973856143575,0.828769733352948,0.904127580060069,0.904127580066648,0.845755704790427,0.812429211263018,0.90922265717964,0.885377219709889,0.904127580059894,0.859791373524734,0.85460799822006,0.904127580062481
"828",0.599902671710583,0.787660143149178,0.792132296524632,0.735600076536874,0.736455072850974,0.66882155104176,0.831502514798979,0.799774312742263,0.822040581362186,0.823030131375687,0.738839329561432,0.594017392818404,0.746134902497368,0.869368851711003,0.788769493097744,0.674961303755755,0.752303298151473,0.648648847085725,0,0.833723858537576,0.801198801058229,0.635984409371507,0.889240751629577,0.751511221995641,0.893209436148232,0.892943838457466,0.851694166286658,0.843675406692642,0.810987595171596,0.78397515487868,0.674940320062626,0.846276170546863,0.771676898324646,0.833723858536345,0.829521188578196,0.955957124307,0.807436556925197,0.863761718766495,0.841241354895285,0.801391543653168,0.829137464591349,0.846276170546576,0.913653032982711,0.925603402752232,0.801391543639175,0.818098553557089,0.74950942355058,0.903798625400921
"582",0.82008170182313,0.584522539234401,0.68084426796248,0.699474655110583,0.74071091928143,0.843075106107667,0.840191870164606,0.78119564328461,0.726552234898196,0.804362695067018,0.71227145420595,0.759034860408701,0.62642940331412,0.776187995904321,0.839867692875074,0.726503692871031,0.519369015455192,0.849467536386903,0.833723858537576,0,0.535796280088623,0.734726122338526,0.806759687697491,0.473473600535318,0.550277691119033,0.896178741022403,0.805612265304985,0.612715290610121,0.791068642647021,0.597888354587415,0.549421445587743,0.332141227907579,0.793899063678337,0.150210846579419,0.818064901484768,0.899673009625062,0.47512884235208,0.623572677163429,0.525698200616368,0.699853501258203,0.750857431148785,0.330234182956482,0.805275380590356,0.857056064515886,0.740443003488624,0.61566624178346,0.641190124403836,0.491409900428363
"502",0.687649898613129,0.435536304425673,0.364295045717278,0.478097945027137,0.461329241751513,0.780909885022396,0.685508151277451,0.708368328862786,0.685930197224429,0.674223933925907,0.505067950617421,0.679594311990617,0.551620672966618,0.622216713813927,0.769321481710944,0.520587051170361,0.670319395318608,0.6941464132603,0.801198801058229,0.535796280088623,0,0.704213118206586,0.700870657334195,0.39856586486624,0.567776787767005,0.831482230323295,0.714695042572868,0.584700075053518,0.641245931032581,0.565049623367647,0.598885645242604,0.396330538370033,0.873592111632889,0.538326663956804,0.808220002907736,0.937198502189537,0.701338827012533,0.594294362754678,0.75416178898455,0.835043221380507,0.650080707217568,0.476040584875223,0.854372730429738,0.881885828885082,0.855316234866171,0.610429736627453,0.779512090066241,0.739310039620957
"788",0.674815828158678,0.627601587634501,0.788077658756215,0.773861033705036,0.799872053438659,0.816710608330197,0.721429268407332,0.800988162461113,0.857648635569019,0.717796381880853,0.777094462054589,0.674231316034261,0.707402836120256,0.820448580406294,0.786175049281581,0.59527183028761,0.683124864472215,0.746187474070674,0.635984409371507,0.734726122338526,0.704213118206586,0,0.839017209301046,0.790886694326715,0.594292491473193,0.916540721821716,0.917746747041197,0.761967686066079,0.757119867813655,0.778575944376079,0.66768854988264,0.751798852547937,0.587473311887171,0.735519089142624,0.762221551006462,0.940197717343281,0.866545200145785,0.745102366191605,0.86109439269671,0.861094392694247,0.903112537452748,0.732439194115644,0.873133156616563,0.895962184070347,0.706524861732781,0.741594971052988,0.738672277873664,0.755302650737045
"152",0.705724977920097,0.75927625919194,0.851520692974405,0.829342807569652,0.747731626472333,0.663480400031866,0.515579339639705,0.496193624558716,0.703152181670268,0.561627860795416,0.772515322657327,0.829795496065207,0.559229440308641,0.354547302997476,0.603277665070369,0.833211814675584,0.844767287965239,0.847108768467667,0.889240751629577,0.806759687697491,0.700870657334195,0.839017209301046,0,0.77161504515338,0.813093583465404,0.352189642662421,0.581800716911603,0.905053930143694,0.560498450552577,0.626395162373095,0.754126701675247,0.72171191805085,0.909827921182248,0.807304535924884,0.64219725298124,0.954777339298666,0.902164324471158,0.660170446554013,0.899266459045633,0.899266459044337,0.57267914451266,0.705766739762495,0.895397205268725,0.728080972797811,0.90089820071708,0.899592541980604,0.896800297606529,0.826963893739544
"381",0.752547413814127,0.622665690189581,0.463135014579459,0.464226601150587,0.544262019033826,0.790763212762436,0.802795811824421,0.726561557718297,0.658538797929493,0.771204148561637,0.542378291889589,0.61475347588963,0.606668125820484,0.658817619709388,0.806978644056555,0.548423034188448,0.567864386793235,0.753625129572963,0.751511221995641,0.473473600535318,0.39856586486624,0.790886694326715,0.77161504515338,0,0.696373506108052,0.850153389981588,0.766258825795541,0.678841276960714,0.761451149299283,0.523083151724688,0.608731421404853,0.544738408951454,0.853370706384245,0.467602296411133,0.859784575894075,0.927531084136228,0.589182402120112,0.643491015464397,0.682210532166008,0.803472558079151,0.710615691684437,0.549146135802571,0.858644900166662,0.888076504198492,0.828197776571175,0.674781101962862,0.728829004169556,0.684454425655836
"588",0.801016176661539,0.63283068003757,0.652946380921596,0.650551916407603,0.726087598445506,0.867683613503605,0.738426471445524,0.849726910249407,0.806792630607719,0.783775464469167,0.657673085414892,0.814674376720893,0.763935161284726,0.783705588587799,0.838436931810817,0.694958297814808,0.668008998601401,0.849467536399623,0.893209436148232,0.550277691119033,0.567776787767005,0.594292491473193,0.813093583465404,0.696373506108052,0,0.887765877475938,0.8886382536394,0.576952320319574,0.779273874612763,0.711776358767234,0.721029612483991,0.607888241497187,0.793899063667696,0.550277691110332,0.804200115884906,0.899673009620153,0.754615627417135,0.637733868864709,0.735533611653527,0.735533611644598,0.860011094105678,0.607888241495454,0.787435322869169,0.844577139664754,0.740443003471747,0.508015219377878,0.778074812799416,0.363111333964253
"230",0.710009971327278,0.900295243928724,0.838146494129876,0.879911501916538,0.871812604157565,0.677928039846901,0.517723093595373,0.624925360164509,0.662851146360856,0.598388875926989,0.824291164367604,0.87532311310107,0.713529386679113,0.537329653592119,0.646734203044502,0.846657708040001,0.916463865445548,0.859965763775544,0.892943838457466,0.896178741022403,0.831482230323295,0.916540721821716,0.352189642662421,0.850153389981588,0.887765877475938,0,0.425731301426389,0.896245653669832,0.564480092074289,0.722402268711231,0.889926225535688,0.869484809107879,0.917262139607555,0.896178741021593,0.699765347325815,0.854006385183346,0.892003015471099,0.827097602511833,0.888461043910589,0.888461043909001,0.6065140529168,0.869484809107615,0.817305108000029,0.502687999186027,0.908338746357796,0.889688952555935,0.90285088079984,0.908338746357292
"271",0.596158294286053,0.775576100532921,0.742996196585583,0.809443047136588,0.802162973797097,0.627164841255344,0.673647305450249,0.585315317998227,0.60297568379562,0.566043079350427,0.811851542616971,0.812065898963832,0.66363837564768,0.595999407408511,0.701231632177456,0.77670884767447,0.835359587492859,0.7626819855933,0.851694166286658,0.805612265304985,0.714695042572868,0.917746747041197,0.581800716911603,0.766258825795541,0.8886382536394,0.425731301426389,0,0.789896047558397,0.377315430073032,0.69855420498576,0.748699623306428,0.739084932422063,0.91888054704015,0.790353794672614,0.620653472426209,0.783221837817376,0.770530049183014,0.762821364528504,0.810918863871926,0.871196496348534,0.360892786231894,0.693402894029549,0.811549580622757,0.485605806574831,0.90988004368005,0.815353849728939,0.844340358793395,0.90988004367954
"627",0.777877624249685,0.601487086954989,0.455816953122366,0.660433647782126,0.731358539555499,0.847040505116107,0.82971888897227,0.83713417474022,0.777228122534283,0.800391131653166,0.608937393716521,0.784092094010585,0.76856486602637,0.891966658022354,0.914213807960397,0.703343535738984,0.682245684677331,0.850087515295022,0.843675406692642,0.612715290610121,0.584700075053518,0.761967686066079,0.905053930143694,0.678841276960714,0.576952320319574,0.896245653669832,0.789896047558397,0,0.770974879068428,0.744936701072928,0.70115623467941,0.626435109312112,0.851413559801748,0.576952320289437,0.847273899248334,0.907314432734251,0.421948062285706,0.832962762307106,0.546875128882891,0.730345564115303,0.732569544521544,0.626435109310578,0.803577872353666,0.853387171688306,0.818145821637327,0.259215857127322,0.695557454257808,0.81814582163525
"311",0.51086189539122,0.646425917046097,0.734885941575785,0.73457555015176,0.728147874607724,0.625208744980338,0.441009700169145,0.497241878435388,0.514091290563597,0.511118005026145,0.737518944120183,0.788609108851224,0.590139286420815,0.625358238023989,0.555953297252102,0.64043511578278,0.800982539642681,0.700683019167716,0.810987595171596,0.791068642647021,0.641245931032581,0.757119867813655,0.560498450552577,0.761451149299283,0.779273874612763,0.564480092074289,0.377315430073032,0.770974879068428,0,0.64714167047539,0.661329909311177,0.74009204261011,0.908932920582791,0.779273874600913,0.685194273709965,0.845381487298631,0.8390313324108,0.758548394647068,0.86722648623809,0.908167364462926,0.548095663976642,0.705232591082852,0.796710892643504,0.610227260175984,0.901427252171965,0.790034286679494,0.8520888339749,0.870555923884273
"312",0.742404126899232,0.667756089228329,0.695492171297553,0.676158576889499,0.683753847674167,0.717808007687726,0.673118647010981,0.593151688255479,0.500503367279967,0.736689578137469,0.681331060288933,0.704184841290546,0.551235636704888,0.664679177404166,0.58660134950188,0.695568696042405,0.6659142397156,0.77852201657202,0.78397515487868,0.597888354587415,0.565049623367647,0.778575944376079,0.626395162373095,0.523083151724688,0.711776358767234,0.722402268711231,0.69855420498576,0.744936701072928,0.64714167047539,0,0.607724606353124,0.580507961102627,0.871751384752556,0.598919463208282,0.832575608047886,0.936314310002472,0.695876703889223,0.604514435161389,0.749686273283804,0.832238439835914,0.668961097335515,0.554043698478715,0.852303829181419,0.880528471388247,0.852899684226889,0.693473245119903,0.776311226598915,0.73450652723867
"390",0.623533129752851,0.450827113949234,0.777818121756555,0.720282351468706,0.711836668061512,0.717493623428363,0.707074251553888,0.61438138186435,0.730368291727007,0.739769715807153,0.724630370442989,0.753864938914715,0.415640842775714,0.722015066159062,0.707168236898348,0.641294570220356,0.57888950604188,0.714191953672918,0.674940320062626,0.549421445587743,0.598885645242604,0.66768854988264,0.754126701675247,0.608731421404853,0.721029612483991,0.889926225535688,0.748699623306428,0.70115623467941,0.661329909311177,0.607724606353124,0,0.460129305305411,0.84089991107247,0.522485319723613,0.729591040249437,0.935591909223612,0.624271050731672,0.58217059251112,0.746002574408411,0.675553501597311,0.692622658240388,0.340535497883786,0.850613113269905,0.879424616462591,0.816487726801808,0.703021356397125,0.741941031552598,0.730551296583427
"461",0.769361227690025,0.462152293843001,0.708482993805461,0.707397831774815,0.658718866490391,0.805565582332926,0.795824619767527,0.733108704615379,0.714329277559554,0.760936449555002,0.71271656513163,0.76489594175884,0.54974908412138,0.724939691445373,0.801150976170563,0.71077087152786,0.529405040089197,0.805131329850542,0.846276170546863,0.332141227907579,0.396330538370033,0.751798852547937,0.72171191805085,0.544738408951454,0.607888241497187,0.869484809107879,0.739084932422063,0.626435109312112,0.74009204261011,0.580507961102627,0.460129305305411,0,0.825332163453153,0.227518392291457,0.74782158237982,0.914291666136402,0.543513345972972,0.548531841570698,0.625139229600262,0.756757307132585,0.667709316297365,0.210722415760123,0.800604944933274,0.848821754760517,0.78839916573855,0.662177647755824,0.69568522080477,0.599990213712778
"709",0.881017333838126,0.864616100468705,0.873963055487258,0.899465335199293,0.91802632675947,0.886752087089834,0.894067845738338,0.914182307585862,0.90484493884207,0.825251657136957,0.901153664426545,0.722687285498056,0.86357148993888,0.896876225715797,0.908088502294391,0.884001012927631,0.812911380668184,0.917238730066708,0.771676898324646,0.793899063678337,0.873592111632889,0.587473311887171,0.909827921182248,0.853370706384245,0.793899063667696,0.917262139607555,0.91888054704015,0.851413559801748,0.908932920582791,0.871751384752556,0.84089991107247,0.825332163453153,0,0.793899063674976,0.677354380247405,0.898136766145664,0.80957747718857,0.836807157233988,0.795240624414556,0.795240624407862,0.898556170137226,0.825332163452494,0.847961609820892,0.887685726452881,0.621871346626281,0.832202929416986,0.74984763924621,0.735135266859148
"462",0.801016176650036,0.584522539245489,0.68048511052322,0.689498619184963,0.738601574163184,0.834976827519633,0.840191870163438,0.770309233248173,0.71024238293299,0.794822981753222,0.695647116253179,0.745646092589819,0.60534938817266,0.776835163267431,0.840306698771647,0.694958297797173,0.453683396207497,0.849467536390921,0.833723858536345,0.150210846579419,0.538326663956804,0.735519089142624,0.807304535924884,0.467602296411133,0.550277691110332,0.896178741021593,0.790353794672614,0.576952320289437,0.779273874600913,0.598919463208282,0.522485319723613,0.227518392291457,0.793899063674976,0,0.818064901482591,0.899673009623511,0.421361422037998,0.624796437493812,0.525698200604965,0.69985350125184,0.730330577848061,0.283724564587697,0.8052753805874,0.857056064514293,0.740443003483293,0.615666241776108,0.641190124398013,0.491409900415852
"669",0.723781750742171,0.766212114272068,0.865644022214579,0.890264525694236,0.871177867209387,0.700168161220858,0.813356641425246,0.704356749724308,0.886931495290228,0.646064508473004,0.891852673290396,0.841236910019593,0.764574398756876,0.544184328934121,0.836479241393875,0.877490810286086,0.827323700328889,0.892293599978318,0.829521188578196,0.818064901484768,0.808220002907736,0.762221551006462,0.64219725298124,0.859784575894075,0.804200115884906,0.699765347325815,0.620653472426209,0.847273899248334,0.685194273709965,0.832575608047886,0.729591040249437,0.74782158237982,0.677354380247405,0.818064901482591,0,0.92670572266475,0.831523088862911,0.704060436903597,0.822741899396492,0.822741899392481,0.46066115572394,0.68604779847514,0.829787277753682,0.609809879646229,0.75871701260241,0.832630213295586,0.783769301605202,0.825809395907357
"272",0.914214358188916,0.944714976048374,0.921210067195009,0.951721556220949,0.96042465693727,0.903420016345713,0.843316140503774,0.964305210185039,0.799177817180849,0.887185805270571,0.95250937618746,0.959129956857937,0.944309790396318,0.948456112985386,0.788476282290238,0.888389324224738,0.932253184848362,0.900490027388554,0.955957124307,0.899673009625062,0.937198502189537,0.940197717343281,0.954777339298666,0.927531084136228,0.899673009620153,0.854006385183346,0.783221837817376,0.907314432734251,0.845381487298631,0.936314310002472,0.935591909223612,0.914291666136402,0.898136766145664,0.899673009623511,0.92670572266475,0,0.881692366598903,0.919687015214225,0.872958947235724,0.872958947231653,0.9364338454715,0.914291666136093,0.532968829817472,0.784185211298291,0.872958947235833,0.895523610827265,0.911685170384,0.872958947234232
"707",0.853238257936662,0.693562044884715,0.628433325123877,0.742262417877653,0.797974224485011,0.864900515008977,0.905684501141442,0.821272745217976,0.746391033527513,0.865222711496321,0.747514679853037,0.789997257592286,0.743679666881587,0.886991928235083,0.918688336880546,0.775014617452012,0.59706083067014,0.888973856143575,0.807436556925197,0.47512884235208,0.701338827012533,0.866545200145785,0.902164324471158,0.589182402120112,0.754615627417135,0.892003015471099,0.770530049183014,0.421948062285706,0.8390313324108,0.695876703889223,0.624271050731672,0.543513345972972,0.80957747718857,0.421361422037998,0.831523088862911,0.881692366598903,0,0.812458937772924,0.378880320634436,0.620809940051459,0.696617787168453,0.543513345970588,0.771108567710233,0.839465117612366,0.751262450520938,0.382910855190357,0.63577207777583,0.751262450517053
"470",0.792879904833793,0.666722599778594,0.782580659973047,0.772170626654532,0.755686851436537,0.817145516104865,0.717308266085453,0.653399558630013,0.77757714734294,0.765526261751987,0.775985537281792,0.815305966742342,0.568326222464128,0.605390479369901,0.719177515557695,0.78316483228053,0.74474332859029,0.828769733352948,0.863761718766495,0.623572677163429,0.594294362754678,0.745102366191605,0.660170446554013,0.643491015464397,0.637733868864709,0.827097602511833,0.762821364528504,0.832962762307106,0.758548394647068,0.604514435161389,0.58217059251112,0.548531841570698,0.836807157233988,0.624796437493812,0.704060436903597,0.919687015214225,0.812458937772924,0,0.801513471357078,0.801513471352049,0.702117822992467,0.420239397099709,0.813300762238376,0.856233990998655,0.805009178094349,0.815287329067676,0.820344155476066,0.635834962529674
"500",0.891373434639248,0.735387114260779,0.567336689559213,0.811523962898961,0.851368713487555,0.899877486049386,0.902994284503192,0.875711863479534,0.825541093625758,0.862289043998104,0.815259834926378,0.84563402429876,0.788879661599839,0.883107723195459,0.916696644770774,0.805722397205111,0.652057146988773,0.904127580060069,0.841241354895285,0.525698200616368,0.75416178898455,0.86109439269671,0.899266459045633,0.682210532166008,0.735533611653527,0.888461043910589,0.810918863871926,0.546875128882891,0.86722648623809,0.749686273283804,0.746002574408411,0.625139229600262,0.795240624414556,0.525698200604965,0.822741899396492,0.872958947235724,0.378880320634436,0.801513471357078,0,0.578202000957181,0.750293453769623,0.625139229598319,0.754591783253366,0.831511849135832,0.726222667991417,0.494471670546286,0.4842472676371,0.726222667986711
"389",0.873269458196783,0.858250763523351,0.781698131927714,0.8789084427288,0.903349304359238,0.883339958428274,0.902994284501991,0.913837246618938,0.880689547277323,0.922625115796163,0.881175114932948,0.899795163268586,0.857028004103937,0.883107723193714,0.916696644769888,0.893169522449885,0.819145440191251,0.904127580066648,0.801391543653168,0.699853501258203,0.835043221380507,0.861094392694247,0.899266459044337,0.803472558079151,0.735533611644598,0.888461043909001,0.871196496348534,0.730345564115303,0.908167364462926,0.832238439835914,0.675553501597311,0.756757307132585,0.795240624407862,0.69985350125184,0.822741899392481,0.872958947231653,0.620809940051459,0.801513471352049,0.578202000957181,0,0.832618568248473,0.756757307131445,0.754591783245677,0.831511849132207,0.726222667979452,0.682561564662447,0.747043543995907,0.726222667974745
"510",0.602305518093871,0.731895005170808,0.676738080581557,0.777020546011243,0.773111226474075,0.633907863630413,0.769944757738108,0.546669321489865,0.732818376061989,0.567847761739599,0.78031128151915,0.759829248861708,0.549236247926762,0.418167404604805,0.775167236439172,0.798176511608377,0.80048466183005,0.845755704790427,0.829137464591349,0.750857431148785,0.650080707217568,0.903112537452748,0.57267914451266,0.710615691684437,0.860011094105678,0.6065140529168,0.360892786231894,0.732569544521544,0.548095663976642,0.668961097335515,0.692622658240388,0.667709316297365,0.898556170137226,0.730330577848061,0.46066115572394,0.9364338454715,0.696617787168453,0.702117822992467,0.750293453769623,0.832618568248473,0,0.605621936865247,0.852583557966583,0.660418866576346,0.884078051843637,0.762627146552999,0.805456505473052,0.884078051842793
"469",0.75292967461038,0.487800888456128,0.70848299380447,0.707397831774152,0.699711935665333,0.781854912412858,0.75952641831217,0.686305033671356,0.714329277558918,0.72009102432417,0.712716565130991,0.7648959417584,0.457008662776882,0.658568582272112,0.756678683528954,0.725998407901247,0.558170417678398,0.812429211263018,0.846276170546576,0.330234182956482,0.476040584875223,0.732439194115644,0.705766739762495,0.549146135802571,0.607888241495454,0.869484809107615,0.693402894029549,0.626435109310578,0.705232591082852,0.554043698478715,0.340535497883786,0.210722415760123,0.825332163452494,0.283724564587697,0.68604779847514,0.914291666136093,0.543513345970588,0.420239397099709,0.625139229598319,0.756757307131445,0.605621936865247,0,0.800604944932547,0.848821754760099,0.788399165737583,0.662177647754345,0.695685220803627,0.599990213710666
"353",0.891694604160007,0.871939345240861,0.832952490040976,0.897542872776811,0.90853315320304,0.899576391943912,0.839788810385281,0.917547320558821,0.735963297218245,0.883229267521801,0.899212278565696,0.91982774855012,0.870993350934696,0.880668697921916,0.787415536580588,0.836754397491036,0.867744047713734,0.90922265717964,0.913653032982711,0.805275380590356,0.854372730429738,0.873133156616563,0.895397205268725,0.858644900166662,0.787435322869169,0.817305108000029,0.811549580622757,0.803577872353666,0.796710892643504,0.852303829181419,0.850613113269905,0.800604944933274,0.847961609820892,0.8052753805874,0.829787277753682,0.532968829817472,0.771108567710233,0.813300762238376,0.754591783253366,0.754591783245677,0.852583557966583,0.800604944932547,0,0.581438630869869,0.812948045290082,0.778672963291814,0.828222876759961,0.812948045287885
"270",0.752901653130321,0.893711307447483,0.870398000679921,0.912966202937595,0.920207218096455,0.791427241882409,0.838027177556964,0.785661057703763,0.749098305310004,0.757432543100857,0.914173794189975,0.930233056975591,0.893060449625609,0.723452383445888,0.857376260371718,0.872113444901515,0.89385853426673,0.885377219709889,0.925603402752232,0.857056064515886,0.881885828885082,0.895962184070347,0.728080972797811,0.888076504198492,0.844577139664754,0.502687999186027,0.485605806574831,0.853387171688306,0.610227260175984,0.880528471388247,0.879424616462591,0.848821754760517,0.887685726452881,0.857056064514293,0.609809879646229,0.784185211298291,0.839465117612366,0.856233990998655,0.831511849135832,0.831511849132207,0.660418866576346,0.848821754760099,0.581438630869869,0,0.869662855794978,0.839943923440302,0.869821994685621,0.869662855793911
"827",0.873269458187854,0.847334721430755,0.850813149966687,0.8887012379137,0.911008645140145,0.883339958420055,0.883773361739552,0.907548516030423,0.894846304778439,0.908297501705655,0.890766741501927,0.818660088431764,0.84600509737465,0.885028553279269,0.900437148736304,0.805722397204755,0.652057146988136,0.904127580059894,0.801391543639175,0.740443003488624,0.855316234866171,0.706524861732781,0.90089820071708,0.828197776571175,0.740443003471747,0.908338746357796,0.90988004368005,0.818145821637327,0.901427252171965,0.852899684226889,0.816487726801808,0.78839916573855,0.621871346626281,0.740443003483293,0.75871701260241,0.872958947235833,0.751262450520938,0.805009178094349,0.726222667991417,0.726222667979452,0.884078051843637,0.788399165737583,0.812948045290082,0.869662855794978,0,0.788512046409531,0.484247267636156,0.639800447788278
"822",0.81466291128306,0.613016868872213,0.471763549781031,0.674517810623401,0.744873094627271,0.879705968973774,0.819541016323168,0.843038013214988,0.78238869686947,0.824198025964294,0.681150594685587,0.832690751334578,0.795856471350138,0.884839411749275,0.910058472163996,0.715878707767619,0.700283403746995,0.859791373524734,0.818098553557089,0.61566624178346,0.610429736627453,0.741594971052988,0.899592541980604,0.674781101962862,0.508015219377878,0.889688952555935,0.815353849728939,0.259215857127322,0.790034286679494,0.693473245119903,0.703021356397125,0.662177647755824,0.832202929416986,0.615666241776108,0.832630213295586,0.895523610827265,0.382910855190357,0.815287329067676,0.494471670546286,0.682561564662447,0.762627146552999,0.662177647754345,0.778672963291814,0.839943923440302,0.788512046409531,0,0.678835218350248,0.788512046406722
"782",0.828182111410232,0.733526787774867,0.692324697549032,0.817774257434727,0.851576467366529,0.841086283230716,0.882009536747409,0.860600241779468,0.833901035185542,0.840720865224865,0.820851942813201,0.760272454043692,0.778613805872943,0.882800588150665,0.896970139689628,0.715352119736866,0.325368861514042,0.85460799822006,0.74950942355058,0.641190124403836,0.779512090066241,0.738672277873664,0.896800297606529,0.728829004169556,0.778074812799416,0.90285088079984,0.844340358793395,0.695557454257808,0.8520888339749,0.776311226598915,0.741941031552598,0.69568522080477,0.74984763924621,0.641190124398013,0.783769301605202,0.911685170384,0.63577207777583,0.820344155476066,0.4842472676371,0.747043543995907,0.805456505473052,0.695685220803627,0.828222876759961,0.869821994685621,0.484247267636156,0.678835218350248,0,0.780172429962462
"906",0.873269458191275,0.77854647144261,0.850813149965289,0.77744047619209,0.82554829596331,0.883339958423204,0.846601104963614,0.868975560748841,0.83007264332238,0.862289044001569,0.781975868021758,0.818660088436658,0.776501577835849,0.797068828466079,0.858512891764318,0.805722397209999,0.652057146997528,0.904127580062481,0.903798625400921,0.491409900428363,0.739310039620957,0.755302650737045,0.826963893739544,0.684454425655836,0.363111333964253,0.908338746357292,0.90988004367954,0.81814582163525,0.870555923884273,0.73450652723867,0.730551296583427,0.599990213712778,0.735135266859148,0.491409900415852,0.825809395907357,0.872958947234232,0.751262450517053,0.635834962529674,0.726222667986711,0.726222667974745,0.884078051842793,0.599990213710666,0.812948045287885,0.869662855793911,0.639800447788278,0.788512046406722,0.780172429962462,0
